Workbook

Sheet Assumptions
A1: Assumptions — Claude usage, July 2026
A3: Weekdays in July 2026 | B3: 23
A4: Work hours per day | B4: 8
A5: Working hours in month | B5: =B3*B4 -> 184
A7: Legend: blue cells with yellow fill are editable inputs; all other numbers on the Data sheet come from the Claude enterprise analytics API (usage + users resources, 2026-07-01 to 2026-07-31).
A8: Requests = API model calls (includes multi-step tool loops). Threads = chat conversations + Claude Code sessions + Cowork sessions. Claude Code has no per-user message count in the API.
A9: Daily max/min are per calendar day (API granularity limit: hourly data is not available). Min is over active days only; inactive days are zero by definition. Peak day requests per work hour = daily max / hours per day.

Sheet July 2026
A1: User | B1: Requests | C1: Requests per work hour | D1: Uncached input tokens | E1: Cache read tokens | F1: Cache write 5m tokens | G1: Cache write 1h tokens | H1: New input tokens | I1: Total input tokens | J1: New input share (%) | K1: Chat conversations | L1: Chat messages | M1: Claude Code sessions | N1: Cowork sessions | O1: Cowork messages | P1: Threads started | Q1: New thread share (% of requests) | R1: Active days | S1: Daily max requests | T1: Daily min requests (active days) | U1: Peak day requests per work hour | V1: Total input tokens per day | W1: Req/min from max day
A2: selim.khouaja@arago.inc | B2: 5276 | C2: =B2/Assumptions!$B$5 -> 28.673913 | D2: 1666621 | E2: 806999885 | F2: 4467725 | G2: 31746286 | H2: =D2+F2+G2 -> 37880632 | I2: =E2+H2 -> 844880517 | J2: =IF(I2=0,0,H2/I2) -> 0.04483549 | K2: 0 | L2: 0 | M2: 212 | N2: 0 | O2: 0 | P2: =K2+M2+N2 -> 212 | Q2: =IF(B2=0,0,P2/B2) -> 0.040181956 | R2: 11 | S2: 1379 | T2: 6 | U2: =S2/Assumptions!$B$4 -> 172.375 | V2: =I2/23 -> 36733936 | W2: =S2/(8*60) -> 2.8729167
A3: eliott@arago.inc | B3: 3599 | C3: =B3/Assumptions!$B$5 -> 19.559783 | D3: 387088 | E3: 998207981 | F3: 2639137 | G3: 28000325 | H3: =D3+F3+G3 -> 31026550 | I3: =E3+H3 -> 1029234531 | J3: =IF(I3=0,0,H3/I3) -> 0.030145267 | K3: 16 | L3: 32 | M3: 131 | N3: 1 | O3: 12 | P3: =K3+M3+N3 -> 148 | Q3: =IF(B3=0,0,P3/B3) -> 0.041122534 | R3: 25 | S3: 352 | T3: 1 | U3: =S3/Assumptions!$B$4 -> 44 | V3: =I3/23 -> 44749327 | W3: =S3/(8*60) -> 0.73333333
A4: utu.kaita@arago.inc | B4: 3490 | C4: =B4/Assumptions!$B$5 -> 18.967391 | D4: 468488 | E4: 1345745158 | F4: 9826646 | G4: 44967973 | H4: =D4+F4+G4 -> 55263107 | I4: =E4+H4 -> 1401008265 | J4: =IF(I4=0,0,H4/I4) -> 0.03944524 | K4: 26 | L4: 169 | M4: 103 | N4: 0 | O4: 0 | P4: =K4+M4+N4 -> 129 | Q4: =IF(B4=0,0,P4/B4) -> 0.036962751 | R4: 22 | S4: 412 | T4: 10 | U4: =S4/Assumptions!$B$4 -> 51.5 | V4: =I4/23 -> 60913403 | W4: =S4/(8*60) -> 0.85833333
A5: jifei.yan@arago.inc | B5: 3010 | C5: =B5/Assumptions!$B$5 -> 16.358696 | D5: 1362545 | E5: 486934435 | F5: 1142000 | G5: 17682749 | H5: =D5+F5+G5 -> 20187294 | I5: =E5+H5 -> 507121729 | J5: =IF(I5=0,0,H5/I5) -> 0.03980759 | K5: 0 | L5: 0 | M5: 191 | N5: 0 | O5: 0 | P5: =K5+M5+N5 -> 191 | Q5: =IF(B5=0,0,P5/B5) -> 0.06345515 | R5: 18 | S5: 319 | T5: 1 | U5: =S5/Assumptions!$B$4 -> 39.875 | V5: =I5/23 -> 22048771 | W5: =S5/(8*60) -> 0.66458333
A6: paul.mella@arago.inc | B6: 2994 | C6: =B6/Assumptions!$B$5 -> 16.271739 | D6: 385917 | E6: 479364202 | F6: 47005737 | G6: 15709445 | H6: =D6+F6+G6 -> 63101099 | I6: =E6+H6 -> 542465301 | J6: =IF(I6=0,0,H6/I6) -> 0.11632283 | K6: 4 | L6: 311 | M6: 172 | N6: 0 | O6: 0 | P6: =K6+M6+N6 -> 176 | Q6: =IF(B6=0,0,P6/B6) -> 0.058784235 | R6: 13 | S6: 684 | T6: 1 | U6: =S6/Assumptions!$B$4 -> 85.5 | V6: =I6/23 -> 23585448 | W6: =S6/(8*60) -> 1.425
A7: aleksandr.volkov@arago.inc | B7: 2010 | C7: =B7/Assumptions!$B$5 -> 10.923913 | D7: 239327 | E7: 195663888 | F7: 2151345 | G7: 7348255 | H7: =D7+F7+G7 -> 9738927 | I7: =E7+H7 -> 205402815 | J7: =IF(I7=0,0,H7/I7) -> 0.047413795 | K7: 0 | L7: 0 | M7: 67 | N7: 0 | O7: 0 | P7: =K7+M7+N7 -> 67 | Q7: =IF(B7=0,0,P7/B7) -> 0.033333333 | R7: 9 | S7: 461 | T7: 3 | U7: =S7/Assumptions!$B$4 -> 57.625 | V7: =I7/23 -> 8930557.2 | W7: =S7/(8*60) -> 0.96041667
A8: louis.legrain@arago.inc | B8: 1928 | C8: =B8/Assumptions!$B$5 -> 10.478261 | D8: 527052 | E8: 232964280 | F8: 965260 | G8: 10744672 | H8: =D8+F8+G8 -> 12236984 | I8: =E8+H8 -> 245201264 | J8: =IF(I8=0,0,H8/I8) -> 0.049905877 | K8: 1 | L8: 5 | M8: 172 | N8: 0 | O8: 0 | P8: =K8+M8+N8 -> 173 | Q8: =IF(B8=0,0,P8/B8) -> 0.08973029 | R8: 20 | S8: 258 | T8: 1 | U8: =S8/Assumptions!$B$4 -> 32.25 | V8: =I8/23 -> 10660925 | W8: =S8/(8*60) -> 0.5375
A9: luxin.matasaru@arago.inc | B9: 1855 | C9: =B9/Assumptions!$B$5 -> 10.081522 | D9: 357876 | E9: 154109618 | F9: 4351880 | G9: 7653152 | H9: =D9+F9+G9 -> 12362908 | I9: =E9+H9 -> 166472526 | J9: =IF(I9=0,0,H9/I9) -> 0.074263954 | K9: 97 | L9: 306 | M9: 155 | N9: 0 | O9: 0 | P9: =K9+M9+N9 -> 252 | Q9: =IF(B9=0,0,P9/B9) -> 0.13584906 | R9: 24 | S9: 187 | T9: 9 | U9: =S9/Assumptions!$B$4 -> 23.375 | V9: =I9/23 -> 7237935.9 | W9: =S9/(8*60) -> 0.38958333
A10: amir.akhundzianov@arago.inc | B10: 1481 | C10: =B10/Assumptions!$B$5 -> 8.048913 | D10: 412584 | E10: 209003329 | F10: 2217426 | G10: 8501848 | H10: =D10+F10+G10 -> 11131858 | I10: =E10+H10 -> 220135187 | J10: =IF(I10=0,0,H10/I10) -> 0.050568281 | K10: 10 | L10: 19 | M10: 62 | N10: 0 | O10: 0 | P10: =K10+M10+N10 -> 72 | Q10: =IF(B10=0,0,P10/B10) -> 0.0486158 | R10: 15 | S10: 342 | T10: 1 | U10: =S10/Assumptions!$B$4 -> 42.75 | V10: =I10/23 -> 9571095.1 | W10: =S10/(8*60) -> 0.7125
A11: vladimir.meshcheriakov@arago.inc | B11: 1193 | C11: =B11/Assumptions!$B$5 -> 6.4836957 | D11: 160298 | E11: 255026565 | F11: 309140 | G11: 3881408 | H11: =D11+F11+G11 -> 4350846 | I11: =E11+H11 -> 259377411 | J11: =IF(I11=0,0,H11/I11) -> 0.01677419 | K11: 0 | L11: 0 | M11: 39 | N11: 0 | O11: 0 | P11: =K11+M11+N11 -> 39 | Q11: =IF(B11=0,0,P11/B11) -> 0.032690696 | R11: 3 | S11: 761 | T11: 45 | U11: =S11/Assumptions!$B$4 -> 95.125 | V11: =I11/23 -> 11277279 | W11: =S11/(8*60) -> 1.5854167
A12: hadar.heuberger@arago.inc | B12: 1098 | C12: =B12/Assumptions!$B$5 -> 5.9673913 | D12: 212212 | E12: 147773057 | F12: 4685045 | G12: 5244508 | H12: =D12+F12+G12 -> 10141765 | I12: =E12+H12 -> 157914822 | J12: =IF(I12=0,0,H12/I12) -> 0.064223009 | K12: 13 | L12: 234 | M12: 52 | N12: 0 | O12: 0 | P12: =K12+M12+N12 -> 65 | Q12: =IF(B12=0,0,P12/B12) -> 0.059198543 | R12: 11 | S12: 371 | T12: 4 | U12: =S12/Assumptions!$B$4 -> 46.375 | V12: =I12/23 -> 6865861.8 | W12: =S12/(8*60) -> 0.77291667
A13: nikolai.shcherbina@arago.inc | B13: 1087 | C13: =B13/Assumptions!$B$5 -> 5.9076087 | D13: 131813 | E13: 163770330 | F13: 117846 | G13: 9054675 | H13: =D13+F13+G13 -> 9304334 | I13: =E13+H13 -> 173074664 | J13: =IF(I13=0,0,H13/I13) -> 0.053759076 | K13: 0 | L13: 0 | M13: 57 | N13: 0 | O13: 0 | P13: =K13+M13+N13 -> 57 | Q13: =IF(B13=0,0,P13/B13) -> 0.052437902 | R13: 14 | S13: 232 | T13: 3 | U13: =S13/Assumptions!$B$4 -> 29 | V13: =I13/23 -> 7524985.4 | W13: =S13/(8*60) -> 0.48333333
... A38: sayf@arago.inc | B38: 1 | C38: =B38/Assumptions!$B$5 -> 0.0054347826 | D38: 2 | E38: 29955 | F38: 222701 | G38: 0 | H38: =D38+F38+G38 -> 222703 | I38: =E38+H38 -> 252658 | J38: =IF(I38=0,0,H38/I38) -> 0.88144052 | K38: 1 | L38: 1 | M38: 0 | N38: 0 | O38: 0 | P38: =K38+M38+N38 -> 1 | Q38: =IF(B38=0,0,P38/B38) -> 1 | R38: 1 | S38: 1 | T38: 1 | U38: =S38/Assumptions!$B$4 -> 0.125 | V38: =I38/23 -> 10985.13 | W38: =S38/(8*60) -> 0.0020833333
A39: Total | B39: =SUM(B2:B38) -> 37289 | C39: =B39/Assumptions!$B$5 -> 202.65761 | D39: =SUM(D2:D38) -> 7554189 | E39: =SUM(E2:E38) -> 7091169846 | F39: =SUM(F2:F38) -> 294246202 | G39: =SUM(G2:G38) -> 236436169 | H39: =SUM(H2:H38) -> 538236560 | I39: =SUM(I2:I38) -> 7629406406 | J39: =IF(I39=0,0,H39/I39) -> 0.070547633 | K39: =SUM(K2:K38) -> 489 | L39: =SUM(L2:L38) -> 4845 | M39: =SUM(M2:M38) -> 1615 | N39: =SUM(N2:N38) -> 1 | O39: =SUM(O2:O38) -> 12 | P39: =SUM(P2:P38) -> 2105 | Q39: =IF(B39=0,0,P39/B39) -> 0.056450964 | S39: =MAX(S2:S38) -> 1379 | T39: =MIN(T2:T38) -> 1 | U39: =S39/Assumptions!$B$4 -> 172.375 | V39: =I39/23 -> 331713322 | W39: =S39/(8*60) -> 2.8729167
